host_id,year,sample_name,sample_name_incorrect,fastq_fwd_file_name,fastq_rev_file_name,sample_type,host_phylum,host_class,host_order,host_family,host_genus,host_species,collection_latitude,collection_longitude,collection_date,collection_depth,host_site,collector
56,2017,CH_Oann_56_2017,CH_Oann_56_2017,PLATE1-E3-69_S19_L001_R1_001.fastq.gz,PLATE1-E3-69_S19_L001_R2_001.fastq.gz,coral_field,Cnidaria,Anthozoa,Scleractinia,Merulinidae,Orbicella,annularis,18.300112,64.716752,2017.08.02,8.4,CabritteHorn,RossCunning
80,2017,CH_Oann_80_2017,CH_Oann_80_2017,PLATE1-A9-11_S57_L001_R1_001.fastq.gz,PLATE1-A9-11_S57_L001_R2_001.fastq.gz,coral_field,Cnidaria,Anthozoa,Scleractinia,Merulinidae,Orbicella,annularis,18.300112,64.716752,2017.07.30,8.4,CabritteHorn,RossCunning
80,2018,CH_Oann_80_2018,CH_Oann_80_2018,PLATE2-C1-370_S86_L001_R1_001.fastq.gz,PLATE2-C1-370_S86_L001_R2_001.fastq.gz,coral_field,Cnidaria,Anthozoa,Scleractinia,Merulinidae,Orbicella,annularis,18.300112,64.716752,2018.08.15,8.4,CabritteHorn,PeterEdmunds
80,2019,CH_Oann_80_2019,CH_Oann_80_2019,PLATE2-E7-23_S136_L001_R1_001.fastq.gz,PLATE2-E7-23_S136_L001_R2_001.fastq.gz,coral_field,Cnidaria,Anthozoa,Scleractinia,Merulinidae,Orbicella,annularis,18.300112,64.716752,2019.07.27,8.4,CabritteHorn,BethLenz
38,2017,ET_Oann_38_2017,ET_Oann_38_2017,PLATE1-D2-51_S11_L001_R1_001.fastq.gz,PLATE1-D2-51_S11_L001_R2_001.fastq.gz,coral_field,Cnidaria,Anthozoa,Scleractinia,Merulinidae,Orbicella,annularis,18.300189,64.716774,2017.07.31,9.8,EastTektite,RossCunning
24,2017,WP_Oann_24_2017,WP_Oann_24_2017,PLATE1-B12-30_S79_L001_R1_001.fastq.gz,PLATE1-B12-30_S79_L001_R2_001.fastq.gz,coral_field,Cnidaria,Anthozoa,Scleractinia,Merulinidae,Orbicella,annularis,18.300253,64.716935,2017.07.30,8.6,WhitePoint,RossCunning
24,2019,WP_Oann_24_2019,WP_Oann_24_2019,PLATE2-H6-60_S131_L001_R1_001.fastq.gz,PLATE2-H6-60_S131_L001_R2_001.fastq.gz,coral_field,Cnidaria,Anthozoa,Scleractinia,Merulinidae,Orbicella,annularis,18.300253,64.716935,2019.07.29,8.6,WhitePoint,BethLenz
67,2017,WP_Oann_67_2017,WP_Oann_67_2017,PLATE1-F5-86_S34_L001_R1_001.fastq.gz,PLATE1-F5-86_S34_L001_R2_001.fastq.gz,coral_field,Cnidaria,Anthozoa,Scleractinia,Merulinidae,Orbicella,annularis,18.300253,64.716935,2017.08.03,7.7,WhitePoint,RossCunning
67,2019,WP_Oann_67_2019,WP_Oann_67_2019,PLATE2-H2-56_S99_L001_R1_001.fastq.gz,PLATE2-H2-56_S99_L001_R2_001.fastq.gz,coral_field,Cnidaria,Anthozoa,Scleractinia,Merulinidae,Orbicella,annularis,18.300253,64.716935,2019.07.19,7.7,WhitePoint,BethLenz
3,2017,CH_Ofav_03_2017,CH_Ofav_03_2017,PLATE1-A3-5_S15_L001_R1_001.fastq.gz,PLATE1-A3-5_S15_L001_R2_001.fastq.gz,coral_field,Cnidaria,Anthozoa,Scleractinia,Merulinidae,Orbicella,faveolata,18.300112,64.716752,2017.07.29,9.3,CabritteHorn,RossCunning
3,2018,CH_Ofav_03_2018,CH_Ofav_03_2018,PLATE2-C6-375_S126_L001_R1_001.fastq.gz,PLATE2-C6-375_S126_L001_R2_001.fastq.gz,coral_field,Cnidaria,Anthozoa,Scleractinia,Merulinidae,Orbicella,faveolata,18.300112,64.716752,2018.08.15,9.3,CabritteHorn,PeterEdmunds
3,2019,CH_Ofav_03_2019,CH_Ofav_03_2019,PLATE2-F3-32_S105_L001_R1_001.fastq.gz,PLATE2-F3-32_S105_L001_R2_001.fastq.gz,coral_field,Cnidaria,Anthozoa,Scleractinia,Merulinidae,Orbicella,faveolata,18.300112,64.716752,2019.07.29,9.3,CabritteHorn,BethLenz
47,2017,CH_Ofav_47_2017,CH_Ofav_47_2017,PLATE1-D10-64_S67_L001_R1_001.fastq.gz,PLATE1-D10-64_S67_L001_R2_001.fastq.gz,coral_field,Cnidaria,Anthozoa,Scleractinia,Merulinidae,Orbicella,faveolata,18.300112,64.716752,2017.08.02,7.7,CabritteHorn,RossCunning
47,2018,CH_Ofav_47_2018,CH_Ofav_47_2018,PLATE2-B8-365_S141_L001_R1_001.fastq.gz,PLATE2-B8-365_S141_L001_R2_001.fastq.gz,coral_field,Cnidaria,Anthozoa,Scleractinia,Merulinidae,Orbicella,faveolata,18.300112,64.716752,2018.08.15,7.7,CabritteHorn,PeterEdmunds
32,2017,ET_Ofav_32_2017,ET_Ofav_32_2017,PLATE1-C8-45_S52_L001_R1_001.fastq.gz,PLATE1-C8-45_S52_L001_R2_001.fastq.gz,coral_field,Cnidaria,Anthozoa,Scleractinia,Merulinidae,Orbicella,faveolata,18.300189,64.716774,2017.07.31,7.6,EastTektite,RossCunning
18,2017,WP_Ofav_18_2017,WP_Ofav_18_2017,PLATE1-B6-24_S37_L001_R1_001.fastq.gz,PLATE1-B6-24_S37_L001_R2_001.fastq.gz,coral_field,Cnidaria,Anthozoa,Scleractinia,Merulinidae,Orbicella,faveolata,18.300253,64.716935,2017.07.30,8.8,WhitePoint,RossCunning
18,2019,WP_Ofav_18_2019,WP_Ofav_18_2019,PLATE2-G7-49_S138_L001_R1_001.fastq.gz,PLATE2-G7-49_S138_L001_R2_001.fastq.gz,coral_field,Cnidaria,Anthozoa,Scleractinia,Merulinidae,Orbicella,faveolata,18.300253,64.716935,2019.07.29,8.8,WhitePoint,BethLenz
64,2017,WP_Ofav_64_2017,WP_Ofav_64_2017,PLATE1-F2-83_S13_L001_R1_001.fastq.gz,PLATE1-F2-83_S13_L001_R2_001.fastq.gz,coral_field,Cnidaria,Anthozoa,Scleractinia,Merulinidae,Orbicella,faveolata,18.300253,64.716935,2017.08.03,8.6,WhitePoint,RossCunning
64,2019,WP_Ofav_64_2019,WP_Ofav_64_2019,PLATE2-H11-65_S170_L001_R1_001.fastq.gz,PLATE2-H11-65_S170_L001_R2_001.fastq.gz,coral_field,Cnidaria,Anthozoa,Scleractinia,Merulinidae,Orbicella,faveolata,18.300253,64.716935,2019.07.29,8.6,WhitePoint,BethLenz
81,2017,CH_Ofra_81_2017,CH_Ofra_81_2017,PLATE1-A11-15_S71_L001_R1_001.fastq.gz,PLATE1-A11-15_S71_L001_R2_001.fastq.gz,coral_field,Cnidaria,Anthozoa,Scleractinia,Merulinidae,Orbicella,franksi,18.300112,64.716752,2017.07.30,7.8,CabritteHorn,RossCunning
81,2018,CH_Ofra_81_2018,CH_Ofra_81_2018,PLATE2-C4-373_S110_L001_R1_001.fastq.gz,PLATE2-C4-373_S110_L001_R2_001.fastq.gz,coral_field,Cnidaria,Anthozoa,Scleractinia,Merulinidae,Orbicella,franksi,18.300112,64.716752,2018.08.15,7.8,CabritteHorn,PeterEdmunds
81,2019,CH_Ofra_81_2019,CH_Ofra_81_2019,PLATE2-F1-30_S89_L001_R1_001.fastq.gz,PLATE2-F1-30_S89_L001_R2_001.fastq.gz,coral_field,Cnidaria,Anthozoa,Scleractinia,Merulinidae,Orbicella,franksi,18.300112,64.716752,2019.07.27,7.8,CabritteHorn,BethLenz
40,2017,ET_Ofra_40_2017,ET_Ofra_40_2017,PLATE1-D4-53_S25_L001_R1_001.fastq.gz,PLATE1-D4-53_S25_L001_R2_001.fastq.gz,coral_field,Cnidaria,Anthozoa,Scleractinia,Merulinidae,Orbicella,franksi,18.300189,64.716774,2017.07.31,9.1,EastTektite,RossCunning
40,2018,ET_Ofra_40_2018,ET_Ofra_40_2018,PLATE2-B2-359_S93_L001_R1_001.fastq.gz,PLATE2-B2-359_S93_L001_R2_001.fastq.gz,coral_field,Cnidaria,Anthozoa,Scleractinia,Merulinidae,Orbicella,franksi,18.300189,64.716774,2018.08.13,9.1,EastTektite,PeterEdmunds
40,2019,ET_Ofra_40_2019,ET_Ofra_40_2019,PLATE2-D10-14_S158_L001_R1_001.fastq.gz,PLATE2-D10-14_S158_L001_R2_001.fastq.gz,coral_field,Cnidaria,Anthozoa,Scleractinia,Merulinidae,Orbicella,franksi,18.300189,64.716774,2019.07.24,9.1,EastTektite,BethLenz
59,2017,ET_Ofra_59_2017,ET_Ofra_59_2017,PLATE1-E9-78_S61_L001_R1_001.fastq.gz,PLATE1-E9-78_S61_L001_R2_001.fastq.gz,coral_field,Cnidaria,Anthozoa,Scleractinia,Merulinidae,Orbicella,franksi,18.300189,64.716774,2017.08.02,8,EastTektite,RossCunning
59,2019,ET_Ofra_59_2019,ET_Ofra_59_2019,PLATE2-E1-17_S88_L001_R1_001.fastq.gz,PLATE2-E1-17_S88_L001_R2_001.fastq.gz,coral_field,Cnidaria,Anthozoa,Scleractinia,Merulinidae,Orbicella,franksi,18.300189,64.716774,2018.08.13,8,EastTektite,BethLenz
17,2017,WP_Ofra_17_2017,WP_Ofra_17_2017,PLATE1-B5-23_S30_L001_R1_001.fastq.gz,PLATE1-B5-23_S30_L001_R2_001.fastq.gz,coral_field,Cnidaria,Anthozoa,Scleractinia,Merulinidae,Orbicella,franksi,18.300253,64.716935,2017.07.30,8.6,WhitePoint,RossCunning
17,2019,WP_Ofra_17_2019,WP_Ofra_17_2019,PLATE2-G1-42_S90_L001_R1_001.fastq.gz,PLATE2-G1-42_S90_L001_R2_001.fastq.gz,coral_field,Cnidaria,Anthozoa,Scleractinia,Merulinidae,Orbicella,franksi,18.300253,64.716935,2019.07.29,8.6,WhitePoint,BethLenz
65,2017,WP_Ofra_65_2017,WP_Ofra_65_2017,PLATE1-F3-84_S20_L001_R1_001.fastq.gz,PLATE1-F3-84_S20_L001_R2_001.fastq.gz,coral_field,Cnidaria,Anthozoa,Scleractinia,Merulinidae,Orbicella,franksi,18.300253,64.716935,2017.08.03,8.9,WhitePoint,RossCunning
65,2019,WP_Ofra_65_2019,WP_Ofra_65_2019,PLATE2-H8-62_S146_L001_R1_001.fastq.gz,PLATE2-H8-62_S146_L001_R2_001.fastq.gz,coral_field,Cnidaria,Anthozoa,Scleractinia,Merulinidae,Orbicella,franksi,18.300253,64.716935,2019.07.29,8.9,WhitePoint,BethLenz
6,2017,CH_Mcav_06_2017,CH_Mcav_06_2017,PLATE1-A6-8_S36_L001_R1_001.fastq.gz,PLATE1-A6-8_S36_L001_R2_001.fastq.gz,coral_field,Cnidaria,Anthozoa,Scleractinia,Montastraeidae,Montastraea,cavernosa,18.300112,64.716752,2017.07.29,7.3,CabritteHorn,RossCunning
6,2018,CH_Mcav_06_2018,CH_Mcav_06_2018,PLATE2-B10-367_S156_L001_R1_001.fastq.gz,PLATE2-B10-367_S156_L001_R2_001.fastq.gz,coral_field,Cnidaria,Anthozoa,Scleractinia,Montastraeidae,Montastraea,cavernosa,18.300112,64.716752,2018.08.15,7.3,CabritteHorn,PeterEdmunds
6,2019,CH_Mcav_06_2019,CH_Mcav_06_2019,PLATE2-E12-29_S175_L001_R1_001.fastq.gz,PLATE2-E12-29_S175_L001_R2_001.fastq.gz,coral_field,Cnidaria,Anthozoa,Scleractinia,Montastraeidae,Montastraea,cavernosa,18.300112,64.716752,2019.07.27,7.3,CabritteHorn,BethLenz
49,2017,CH_Mcav_49_2017,CH_Mcav_49_2017,PLATE1-D12-66_S81_L001_R1_001.fastq.gz,PLATE1-D12-66_S81_L001_R2_001.fastq.gz,coral_field,Cnidaria,Anthozoa,Scleractinia,Montastraeidae,Montastraea,cavernosa,18.300112,64.716752,2017.08.02,8.8,CabritteHorn,RossCunning
49,2018,CH_Mcav_49_2018,CH_Mcav_49_2018,PLATE2-B7-364_S133_L001_R1_001.fastq.gz,PLATE2-B7-364_S133_L001_R2_001.fastq.gz,coral_field,Cnidaria,Anthozoa,Scleractinia,Montastraeidae,Montastraea,cavernosa,18.300112,64.716752,2018.08.15,8.8,CabritteHorn,PeterEdmunds
49,2019,CH_Mcav_49_2019,CH_Mcav_49_2019,PLATE2-F4-33_S113_L001_R1_001.fastq.gz,PLATE2-F4-33_S113_L001_R2_001.fastq.gz,coral_field,Cnidaria,Anthozoa,Scleractinia,Montastraeidae,Montastraea,cavernosa,18.300112,64.716752,2019.07.27,8.8,CabritteHorn,BethLenz
58,2017,CH_Mcav_58_2017,CH_Mcav_58_2017,PLATE1-A4-6_S22_L001_R1_001.fastq.gz,PLATE1-A4-6_S22_L001_R2_001.fastq.gz,coral_field,Cnidaria,Anthozoa,Scleractinia,Montastraeidae,Montastraea,cavernosa,18.300112,64.716752,2017.07.29,8.2,CabritteHorn,RossCunning
58,2018,CH_Mcav_58_2018,CH_Mcav_58_2018,PLATE2-C3-372_S102_L001_R1_001.fastq.gz,PLATE2-C3-372_S102_L001_R2_001.fastq.gz,coral_field,Cnidaria,Anthozoa,Scleractinia,Montastraeidae,Montastraea,cavernosa,18.300112,64.716752,2018.08.15,8.2,CabritteHorn,PeterEdmunds
58,2019,CH_Mcav_58_2019,CH_Mcav_58_2019,PLATE2-F5-34_S121_L001_R1_001.fastq.gz,PLATE2-F5-34_S121_L001_R2_001.fastq.gz,coral_field,Cnidaria,Anthozoa,Scleractinia,Montastraeidae,Montastraea,cavernosa,18.300112,64.716752,2019.07.27,8.2,CabritteHorn,BethLenz
34,2017,ET_Mcav_34_2017,ET_Mcav_34_2017,PLATE1-C10-47_S66_L001_R1_001.fastq.gz,PLATE1-C10-47_S66_L001_R2_001.fastq.gz,coral_field,Cnidaria,Anthozoa,Scleractinia,Montastraeidae,Montastraea,cavernosa,18.300189,64.716774,2017.07.31,7.8,EastTektite,RossCunning
34,2018,ET_Mcav_34_2018,ET_Mcav_34_2018,PLATE2-A5-299_S116_L001_R1_001.fastq.gz,PLATE2-A5-299_S116_L001_R2_001.fastq.gz,coral_field,Cnidaria,Anthozoa,Scleractinia,Montastraeidae,Montastraea,cavernosa,18.300189,64.716774,2018.08.13,7.8,EastTektite,PeterEdmunds
34,2019,ET_Mcav_34_2019,ET_Mcav_34_2019,PLATE2-D1-5_S87_L001_R1_001.fastq.gz,PLATE2-D1-5_S87_L001_R2_001.fastq.gz,coral_field,Cnidaria,Anthozoa,Scleractinia,Montastraeidae,Montastraea,cavernosa,18.300189,64.716774,2019.07.24,7.8,EastTektite,BethLenz
39,2017,ET_Mcav_39_2017,ET_Mcav_39_2017,PLATE1-D3-52_S18_L001_R1_001.fastq.gz,PLATE1-D3-52_S18_L001_R2_001.fastq.gz,coral_field,Cnidaria,Anthozoa,Scleractinia,Montastraeidae,Montastraea,cavernosa,18.300189,64.716774,2017.07.31,9.8,EastTektite,RossCunning
39,2018,ET_Mcav_39_2018,ET_Mcav_39_2018,PLATE2-B3-360_S101_L001_R1_001.fastq.gz,PLATE2-B3-360_S101_L001_R2_001.fastq.gz,coral_field,Cnidaria,Anthozoa,Scleractinia,Montastraeidae,Montastraea,cavernosa,18.300189,64.716774,2018.08.13,9.8,EastTektite,PeterEdmunds
39,2019,ET_Mcav_39_2019,ET_Mcav_39_2019,PLATE2-D12-16_S174_L001_R1_001.fastq.gz,PLATE2-D12-16_S174_L001_R2_001.fastq.gz,coral_field,Cnidaria,Anthozoa,Scleractinia,Montastraeidae,Montastraea,cavernosa,18.300189,64.716774,2019.07.24,9.8,EastTektite,BethLenz
55,2017,ET_Mcav_55_2017,ET_Mcav_55_2017,PLATE1-E7-76_S47_L001_R1_001.fastq.gz,PLATE1-E7-76_S47_L001_R2_001.fastq.gz,coral_field,Cnidaria,Anthozoa,Scleractinia,Montastraeidae,Montastraea,cavernosa,18.300189,64.716774,2017.08.02,8.6,EastTektite,RossCunning
55,2018,ET_Mcav_55_2018,ET_Mcav_55_2018,PLATE2-B4-361_S109_L001_R1_001.fastq.gz,PLATE2-B4-361_S109_L001_R2_001.fastq.gz,coral_field,Cnidaria,Anthozoa,Scleractinia,Montastraeidae,Montastraea,cavernosa,18.300189,64.716774,2018.08.13,8.6,EastTektite,PeterEdmunds
55,2019,ET_Mcav_55_2019,ET_Mcav_55_2019,PLATE2-D9-13_S150_L001_R1_001.fastq.gz,PLATE2-D9-13_S150_L001_R2_001.fastq.gz,coral_field,Cnidaria,Anthozoa,Scleractinia,Montastraeidae,Montastraea,cavernosa,18.300189,64.716774,2019.07.24,8.6,EastTektite,BethLenz
19,2017,WP_Mcav_19_2017,WP_Mcav_19_2017,PLATE1-B7-25_S44_L001_R1_001.fastq.gz,PLATE1-B7-25_S44_L001_R2_001.fastq.gz,coral_field,Cnidaria,Anthozoa,Scleractinia,Montastraeidae,Montastraea,cavernosa,18.300253,64.716935,2017.07.30,8.5,WhitePoint,RossCunning
19,2019,WP_Mcav_19_2019,WP_Mcav_19_2019,PLATE2-G8-50_S145_L001_R1_001.fastq.gz,PLATE2-G8-50_S145_L001_R2_001.fastq.gz,coral_field,Cnidaria,Anthozoa,Scleractinia,Montastraeidae,Montastraea,cavernosa,18.300253,64.716935,2019.07.29,8.5,WhitePoint,BethLenz
25,2017,WP_Mcav_25_2017,WP_Mcav_25_2017,PLATE1-C1-31_S3_L001_R1_001.fastq.gz,PLATE1-C1-31_S3_L001_R2_001.fastq.gz,coral_field,Cnidaria,Anthozoa,Scleractinia,Montastraeidae,Montastraea,cavernosa,18.300253,64.716935,2017.07.30,9.2,WhitePoint,RossCunning
25,2019,WP_Mcav_25_2019,WP_Mcav_25_2019,PLATE2-H9-63_S154_L001_R1_001.fastq.gz,PLATE2-H9-63_S154_L001_R2_001.fastq.gz,coral_field,Cnidaria,Anthozoa,Scleractinia,Montastraeidae,Montastraea,cavernosa,18.300253,64.716935,2019.07.29,9.2,WhitePoint,BethLenz
69,2017,WP_Mcav_69_2017,WP_Mcav_69_2017,PLATE1-F7-88_S48_L001_R1_001.fastq.gz,PLATE1-F7-88_S48_L001_R2_001.fastq.gz,coral_field,Cnidaria,Anthozoa,Scleractinia,Montastraeidae,Montastraea,cavernosa,18.300253,64.716935,2017.08.03,9.5,WhitePoint,RossCunning
69,2019,WP_Mcav_69_2019,WP_Mcav_69_2019,PLATE2-G11-53_S169_L001_R1_001.fastq.gz,PLATE2-G11-53_S169_L001_R2_001.fastq.gz,coral_field,Cnidaria,Anthozoa,Scleractinia,Montastraeidae,Montastraea,cavernosa,18.300253,64.716935,2019.07.19,9.5,WhitePoint,BethLenz
70,2017,WP_Mcav_70_2017,WP_Mcav_70_2017,PLATE1-F8-89_S55_L001_R1_001.fastq.gz,PLATE1-F8-89_S55_L001_R2_001.fastq.gz,coral_field,Cnidaria,Anthozoa,Scleractinia,Montastraeidae,Montastraea,cavernosa,18.300253,64.716935,2017.08.03,8.3,WhitePoint,RossCunning
70,2019,WP_Mcav_70_2019,WP_Mcav/Pstr_70/16_2019,PLATE2-F12-41_S176_L001_R1_001.fastq.gz,PLATE2-F12-41_S176_L001_R2_001.fastq.gz,coral_field,Cnidaria,Anthozoa,Scleractinia,Montastraeidae,Montastraea,cavernosa,18.300253,64.716935,2019.07.29,8.3,WhitePoint,BethLenz
5,2017,CH_Cnat_05_2017,CH_Cnat_05_2017,PLATE1-A5-7_S29_L001_R1_001.fastq.gz,PLATE1-A5-7_S29_L001_R2_001.fastq.gz,coral_field,Cnidaria,Anthozoa,Scleractinia,Faviidae,Colpophyllia,natans,18.300112,64.716752,2017.07.17,6.7,CabritteHorn,RossCunning
5,2018,CH_Cnat_05_2018,CH_Cnat_05_2018,PLATE2-B12-369_S172_L001_R1_001.fastq.gz,PLATE2-B12-369_S172_L001_R2_001.fastq.gz,coral_field,Cnidaria,Anthozoa,Scleractinia,Faviidae,Colpophyllia,natans,18.300112,64.716752,2018.08.15,6.7,CabritteHorn,PeterEdmunds
5,2019,CH_Cnat_05_2019,CH_Cnat_05_2019,PLATE2-F2-31_S97_L001_R1_001.fastq.gz,PLATE2-F2-31_S97_L001_R2_001.fastq.gz,coral_field,Cnidaria,Anthozoa,Scleractinia,Faviidae,Colpophyllia,natans,18.300112,64.716752,2019.07.27,6.7,CabritteHorn,BethLenz
12,2017,CH_Cnat_12_2017,CH_Cnat_12_2017,PLATE1-A12-16_S78_L001_R1_001.fastq.gz,PLATE1-A12-16_S78_L001_R2_001.fastq.gz,coral_field,Cnidaria,Anthozoa,Scleractinia,Faviidae,Colpophyllia,natans,18.300112,64.716752,2017.07.30,8.9,CabritteHorn,RossCunning
12,2018,CH_Cnat_12_2018,CH_Cnat_12_2018,PLATE2-B11-368_S164_L001_R1_001.fastq.gz,PLATE2-B11-368_S164_L001_R2_001.fastq.gz,coral_field,Cnidaria,Anthozoa,Scleractinia,Faviidae,Colpophyllia,natans,18.300112,64.716752,2018.08.15,8.9,CabritteHorn,PeterEdmunds
12,2019,CH_Cnat_12_2019,CH_Cnat_12_2019,PLATE2-F6-35_S129_L001_R1_001.fastq.gz,PLATE2-F6-35_S129_L001_R2_001.fastq.gz,coral_field,Cnidaria,Anthozoa,Scleractinia,Faviidae,Colpophyllia,natans,18.300112,64.716752,2019.07.27,8.9,CabritteHorn,BethLenz
48,2017,CH_Cnat_48_2017,CH_Cnat_48_2017,PLATE1-D11-65_S74_L001_R1_001.fastq.gz,PLATE1-D11-65_S74_L001_R2_001.fastq.gz,coral_field,Cnidaria,Anthozoa,Scleractinia,Faviidae,Colpophyllia,natans,18.300112,64.716752,2017.08.02,7.7,CabritteHorn,RossCunning
48,2018,CH_Cnat_48_2018,CH_Cnat_48_2018,PLATE2-B9-366_S148_L001_R1_001.fastq.gz,PLATE2-B9-366_S148_L001_R2_001.fastq.gz,coral_field,Cnidaria,Anthozoa,Scleractinia,Faviidae,Colpophyllia,natans,18.300112,64.716752,2018.08.15,7.7,CabritteHorn,PeterEdmunds
48,2019,CH_Cnat_48_2019,CH_Cnat_48_2019,PLATE2-E10-27_S159_L001_R1_001.fastq.gz,PLATE2-E10-27_S159_L001_R2_001.fastq.gz,coral_field,Cnidaria,Anthozoa,Scleractinia,Faviidae,Colpophyllia,natans,18.300112,64.716752,2019.07.27,7.7,CabritteHorn,BethLenz
33,2017,ET_Cnat_33_2017,ET_Cnat_33_2017,PLATE1-C9-46_S59_L001_R1_001.fastq.gz,PLATE1-C9-46_S59_L001_R2_001.fastq.gz,coral_field,Cnidaria,Anthozoa,Scleractinia,Faviidae,Colpophyllia,natans,18.300189,64.716774,2017.07.31,7.7,EastTektite,RossCunning
33,2018,ET_Cnat_33_2018,ET_Cnat_33_2018,PLATE2-A7-352_S132_L001_R1_001.fastq.gz,PLATE2-A7-352_S132_L001_R2_001.fastq.gz,coral_field,Cnidaria,Anthozoa,Scleractinia,Faviidae,Colpophyllia,natans,18.300189,64.716774,2018.08.15,7.7,EastTektite,PeterEdmunds
33,2019,ET_Cnat_33_2019,ET_Cnat_33_2019,PLATE2-C11-3_S165_L001_R1_001.fastq.gz,PLATE2-C11-3_S165_L001_R2_001.fastq.gz,coral_field,Cnidaria,Anthozoa,Scleractinia,Faviidae,Colpophyllia,natans,18.300189,64.716774,2019.07.24,7.7,EastTektite,BethLenz
35,2017,ET_Cnat_35_2017,ET_Cnat_35_2017,PLATE1-C11-48_S73_L001_R1_001.fastq.gz,PLATE1-C11-48_S73_L001_R2_001.fastq.gz,coral_field,Cnidaria,Anthozoa,Scleractinia,Faviidae,Colpophyllia,natans,18.300189,64.716774,2017.07.31,7.9,EastTektite,RossCunning
52,2017,ET_Cnat_52_2017,ET_Cnat_52_2017,PLATE1-E4-70_S26_L001_R1_001.fastq.gz,PLATE1-E4-70_S26_L001_R2_001.fastq.gz,coral_field,Cnidaria,Anthozoa,Scleractinia,Faviidae,Colpophyllia,natans,18.300189,64.716774,2017.08.02,9.5,EastTektite,RossCunning
52,2018,ET_Cnat_52_2018,ET_Cnat_52_2018,PLATE2-A9-354_S147_L001_R1_001.fastq.gz,PLATE2-A9-354_S147_L001_R2_001.fastq.gz,coral_field,Cnidaria,Anthozoa,Scleractinia,Faviidae,Colpophyllia,natans,18.300189,64.716774,2018.08.13,9.5,EastTektite,PeterEdmunds
52,2019,ET_Cnat_52_2019,ET_Cnat_52_2019,PLATE2-D11-15_S166_L001_R1_001.fastq.gz,PLATE2-D11-15_S166_L001_R2_001.fastq.gz,coral_field,Cnidaria,Anthozoa,Scleractinia,Faviidae,Colpophyllia,natans,18.300189,64.716774,2019.07.24,9.5,EastTektite,BethLenz
60,2017,ET_Cnat_60_2017,ET_Cnat_60_2017,PLATE1-E10-79_S68_L001_R1_001.fastq.gz,PLATE1-E10-79_S68_L001_R2_001.fastq.gz,coral_field,Cnidaria,Anthozoa,Scleractinia,Faviidae,Colpophyllia,natans,18.300189,64.716774,2017.08.02,8,EastTektite,RossCunning
60,2018,ET_Cnat_60_2018,ET_Cnat_60_2018,PLATE2-B1-358_S85_L001_R1_001.fastq.gz,PLATE2-B1-358_S85_L001_R2_001.fastq.gz,coral_field,Cnidaria,Anthozoa,Scleractinia,Faviidae,Colpophyllia,natans,18.300189,64.716774,2018.08.13,8,EastTektite,PeterEdmunds
60,2019,ET_Cnat_60_2019,ET_Cnat_60_2019,PLATE2-C12-4_S173_L001_R1_001.fastq.gz,PLATE2-C12-4_S173_L001_R2_001.fastq.gz,coral_field,Cnidaria,Anthozoa,Scleractinia,Faviidae,Colpophyllia,natans,18.300189,64.716774,2018.07.24,8,EastTektite,BethLenz
61,2017,ET_Cnat_61_2017,ET_Cnat_61_2017,PLATE1-E11-80_S75_L001_R1_001.fastq.gz,PLATE1-E11-80_S75_L001_R2_001.fastq.gz,coral_field,Cnidaria,Anthozoa,Scleractinia,Faviidae,Colpophyllia,natans,18.300189,64.716774,2017.08.02,6.9,EastTektite,RossCunning
61,2018,ET_Cnat_61_2018,ET_Cnat_61_2018,PLATE2-A3-296_S100_L001_R1_001.fastq.gz,PLATE2-A3-296_S100_L001_R2_001.fastq.gz,coral_field,Cnidaria,Anthozoa,Scleractinia,Faviidae,Colpophyllia,natans,18.300189,64.716774,2018.08.13,6.9,EastTektite,PeterEdmunds
61,2019,ET_Cnat_61_2019,ET_Cnat_61_2019,PLATE2-C9-1_S149_L001_R1_001.fastq.gz,PLATE2-C9-1_S149_L001_R2_001.fastq.gz,coral_field,Cnidaria,Anthozoa,Scleractinia,Faviidae,Colpophyllia,natans,18.300189,64.716774,2019.07.24,6.9,EastTektite,BethLenz
29,2017,WP_Cnat_29_2017,WP_Cnat_29_2017,PLATE1-C5-38_S31_L001_R1_001.fastq.gz,PLATE1-C5-38_S31_L001_R2_001.fastq.gz,coral_field,Cnidaria,Anthozoa,Scleractinia,Faviidae,Colpophyllia,natans,18.300253,64.716935,2017.07.30,8.6,WhitePoint,RossCunning
31,2017,WP_Cnat_31_2017,WP_Cnat_31_2017,PLATE1-C6-41_S38_L001_R1_001.fastq.gz,PLATE1-C6-41_S38_L001_R2_001.fastq.gz,coral_field,Cnidaria,Anthozoa,Scleractinia,Faviidae,Colpophyllia,natans,18.300253,64.716935,2017.07.30,7.1,WhitePoint,RossCunning
31,2019,WP_Cnat_31_2019,WP_Cnat_31_2019,PLATE2-F11-40_S168_L001_R1_001.fastq.gz,PLATE2-F11-40_S168_L001_R2_001.fastq.gz,coral_field,Cnidaria,Anthozoa,Scleractinia,Faviidae,Colpophyllia,natans,18.300253,64.716935,2019.07.29,7.1,WhitePoint,BethLenz
13,2017,CH_Dlab_13_2017,CH_Dlab_13_2017,PLATE1-B1-19_S2_L001_R1_001.fastq.gz,PLATE1-B1-19_S2_L001_R2_001.fastq.gz,coral_field,Cnidaria,Anthozoa,Scleractinia,Faviidae,Diploria,labrynthiformis,18.300112,64.716752,2017.08.02,8.4,CabritteHorn,RossCunning
13,2018,CH_Dlab_13_2018,CH_Dlab_13_2018,PLATE2-C7-377_S134_L001_R1_001.fastq.gz,PLATE2-C7-377_S134_L001_R2_001.fastq.gz,coral_field,Cnidaria,Anthozoa,Scleractinia,Faviidae,Diploria,labrynthiformis,18.300112,64.716752,2018.08.15,8.4,CabritteHorn,PeterEdmunds
13,2019,CH_Dlab_13_2019,CH_Dlab_13_2019,PLATE2-F7-36_S137_L001_R1_001.fastq.gz,PLATE2-F7-36_S137_L001_R2_001.fastq.gz,coral_field,Cnidaria,Anthozoa,Scleractinia,Faviidae,Diploria,labrynthiformis,18.300112,64.716752,2019.07.19,8.4,CabritteHorn,BethLenz
50,2017,CH_Dlab_50_2017,CH_Dlab_50_2017,PLATE1-E1-67_S5_L001_R1_001.fastq.gz,PLATE1-E1-67_S5_L001_R2_001.fastq.gz,coral_field,Cnidaria,Anthozoa,Scleractinia,Faviidae,Diploria,labrynthiformis,18.300112,64.716752,2017.08.02,9.6,CabritteHorn,RossCunning
50,2018,CH_Dlab_50_2018,CH_Dlab_50_2018,PLATE2-B5-362_S117_L001_R1_001.fastq.gz,PLATE2-B5-362_S117_L001_R2_001.fastq.gz,coral_field,Cnidaria,Anthozoa,Scleractinia,Faviidae,Diploria,labrynthiformis,18.300112,64.716752,2018.08.15,9.6,CabritteHorn,PeterEdmunds
50,2019,CH_Dlab_50_2019,CH_Dlab_50_2019,PLATE2-E3-19_S104_L001_R1_001.fastq.gz,PLATE2-E3-19_S104_L001_R2_001.fastq.gz,coral_field,Cnidaria,Anthozoa,Scleractinia,Faviidae,Diploria,labrynthiformis,18.300112,64.716752,2019.07.27,9.6,CabritteHorn,BethLenz
79,2017,CH_Dlab_79_2017,CH_Dlab_79_2017,PLATE1-A2-4_S8_L001_R1_001.fastq.gz,PLATE1-A2-4_S8_L001_R2_001.fastq.gz,coral_field,Cnidaria,Anthozoa,Scleractinia,Faviidae,Diploria,labrynthiformis,18.300112,64.716752,2017.07.29,6.6,CabritteHorn,RossCunning
36,2017,ET_Dlab_36_2017,ET_Dlab_36_2017,PLATE1-C12-49_S80_L001_R1_001.fastq.gz,PLATE1-C12-49_S80_L001_R2_001.fastq.gz,coral_field,Cnidaria,Anthozoa,Scleractinia,Faviidae,Diploria,labrynthiformis,18.300189,64.716774,2017.07.31,7.8,EastTektite,RossCunning
36,2018,ET_Dlab_36_2018,ET_Dlab_36_2018,PLATE2-A8-353_S140_L001_R1_001.fastq.gz,PLATE2-A8-353_S140_L001_R2_001.fastq.gz,coral_field,Cnidaria,Anthozoa,Scleractinia,Faviidae,Diploria,labrynthiformis,18.300189,64.716774,2018.08.13,7.8,EastTektite,PeterEdmunds
36,2019,ET_Dlab_36_2019,ET_Dlab_36_2019,PLATE2-D3-7_S103_L001_R1_001.fastq.gz,PLATE2-D3-7_S103_L001_R2_001.fastq.gz,coral_field,Cnidaria,Anthozoa,Scleractinia,Faviidae,Diploria,labrynthiformis,18.300189,64.716774,2019.07.24,7.8,EastTektite,BethLenz
37,2017,ET_Dlab_37_2017,ET_Dlab_37_2017,PLATE1-D1-50_S4_L001_R1_001.fastq.gz,PLATE1-D1-50_S4_L001_R2_001.fastq.gz,coral_field,Cnidaria,Anthozoa,Scleractinia,Faviidae,Diploria,labrynthiformis,18.300189,64.716774,2017.07.31,7.8,EastTektite,RossCunning
37,2018,ET_Dlab_37_2018,ET_Dlab_37_2018,PLATE2-A2-295_S92_L001_R1_001.fastq.gz,PLATE2-A2-295_S92_L001_R2_001.fastq.gz,coral_field,Cnidaria,Anthozoa,Scleractinia,Faviidae,Diploria,labrynthiformis,18.300189,64.716774,2018.08.13,7.8,EastTektite,PeterEdmunds
37,2019,ET_Dlab_37_2019,ET_Dlab_37_2019,PLATE2-D2-6_S95_L001_R1_001.fastq.gz,PLATE2-D2-6_S95_L001_R2_001.fastq.gz,coral_field,Cnidaria,Anthozoa,Scleractinia,Faviidae,Diploria,labrynthiformis,18.300189,64.716774,2019.07.24,7.8,EastTektite,BethLenz
57,2017,ET_Dlab_57_2017,ET_Dlab_57_2017,PLATE1-E8-77_S54_L001_R1_001.fastq.gz,PLATE1-E8-77_S54_L001_R2_001.fastq.gz,coral_field,Cnidaria,Anthozoa,Scleractinia,Faviidae,Diploria,labrynthiformis,18.300189,64.716774,2017.08.02,8,EastTektite,RossCunning
57,2019,ET_Dlab_57_2019,ET_Dlab_57_2019,PLATE2-D6-10_S127_L001_R1_001.fastq.gz,PLATE2-D6-10_S127_L001_R2_001.fastq.gz,coral_field,Cnidaria,Anthozoa,Scleractinia,Faviidae,Diploria,labrynthiformis,18.300189,64.716774,2018.08.13,8,EastTektite,BethLenz
62,2017,ET_Dlab_62_2017,ET_Dlab_62_2017,PLATE1-E12-81_S82_L001_R1_001.fastq.gz,PLATE1-E12-81_S82_L001_R2_001.fastq.gz,coral_field,Cnidaria,Anthozoa,Scleractinia,Faviidae,Diploria,labrynthiformis,18.300189,64.716774,2019.07.24,7.1,EastTektite,RossCunning
62,2018,ET_Dlab_62_2018,ET_Dlab_62_2018,PLATE2-A4-298_S108_L001_R1_001.fastq.gz,PLATE2-A4-298_S108_L001_R2_001.fastq.gz,coral_field,Cnidaria,Anthozoa,Scleractinia,Faviidae,Diploria,labrynthiformis,18.300189,64.716774,2018.08.13,7.1,EastTektite,PeterEdmunds
62,2019,ET_Dlab_62_2019,ET_Dlab_62_2019,PLATE2-C10-2_S157_L001_R1_001.fastq.gz,PLATE2-C10-2_S157_L001_R2_001.fastq.gz,coral_field,Cnidaria,Anthozoa,Scleractinia,Faviidae,Diploria,labrynthiformis,18.300189,64.716774,2019.07.24,7.1,EastTektite,BethLenz
20,2017,WP_Dlab_20_2017,WP_Dlab_20_2017,PLATE1-B8-26_S51_L001_R1_001.fastq.gz,PLATE1-B8-26_S51_L001_R2_001.fastq.gz,coral_field,Cnidaria,Anthozoa,Scleractinia,Faviidae,Diploria,labrynthiformis,18.300253,64.716935,2017.07.30,9.1,WhitePoint,RossCunning
20,2019,WP_Dlab_20_2019,WP_Dlab_20_2019,PLATE2-G10-52_S161_L001_R1_001.fastq.gz,PLATE2-G10-52_S161_L001_R2_001.fastq.gz,coral_field,Cnidaria,Anthozoa,Scleractinia,Faviidae,Diploria,labrynthiformis,18.300253,64.716935,2019.07.29,9.1,WhitePoint,BethLenz
23,2017,WP_Dlab_23_2017,WP_Dlab_23_2017,PLATE1-B11-29_S72_L001_R1_001.fastq.gz,PLATE1-B11-29_S72_L001_R2_001.fastq.gz,coral_field,Cnidaria,Anthozoa,Scleractinia,Faviidae,Diploria,labrynthiformis,18.300253,64.716935,2017.07.30,8.6,WhitePoint,RossCunning
23,2019,WP_Dlab_23_2019,WP_Dlab_23_2019,PLATE2-G9-51_S153_L001_R1_001.fastq.gz,PLATE2-G9-51_S153_L001_R2_001.fastq.gz,coral_field,Cnidaria,Anthozoa,Scleractinia,Faviidae,Diploria,labrynthiformis,18.300253,64.716935,2019.07.29,8.6,WhitePoint,BethLenz
63,2017,WP_Dlab_63_2017,WP_Dlab_63_2017,PLATE1-F1-82_S6_L001_R1_001.fastq.gz,PLATE1-F1-82_S6_L001_R2_001.fastq.gz,coral_field,Cnidaria,Anthozoa,Scleractinia,Faviidae,Diploria,labrynthiformis,18.300253,64.716935,2017.08.03,8.9,EastTektite,RossCunning
10,2017,CH_Pstr_10_2017,CH_Pstr_10_2017,PLATE1-A10-14_S64_L001_R1_001.fastq.gz,PLATE1-A10-14_S64_L001_R2_001.fastq.gz,coral_field,Cnidaria,Anthozoa,Scleractinia,Faviidae,Pseudodiploria,strigosa,18.300112,64.716752,2017.07.30,8.3,CabritteHorn,RossCunning
10,2018,CH_Pstr_10_2018,CH_Pstr_10_2018,PLATE2-C2-371_S94_L001_R1_001.fastq.gz,PLATE2-C2-371_S94_L001_R2_001.fastq.gz,coral_field,Cnidaria,Anthozoa,Scleractinia,Faviidae,Pseudodiploria,strigosa,18.300112,64.716752,2018.08.15,8.3,CabritteHorn,PeterEdmunds
10,2019,CH_Pstr_10_2019,CH_Pstr_10_2019,PLATE2-E8-25_S143_L001_R1_001.fastq.gz,PLATE2-E8-25_S143_L001_R2_001.fastq.gz,coral_field,Cnidaria,Anthozoa,Scleractinia,Faviidae,Pseudodiploria,strigosa,18.300112,64.716752,2019.07.27,8.3,CabritteHorn,BethLenz
82,2017,CH_Pstr_82_2017,CH_Pstr_82_2017,PLATE1-A8-10_S50_L001_R1_001.fastq.gz,PLATE1-A8-10_S50_L001_R2_001.fastq.gz,coral_field,Cnidaria,Anthozoa,Scleractinia,Faviidae,Pseudodiploria,strigosa,18.300112,64.716752,2017.07.30,9.1,CabritteHorn,RossCunning
82,2019,CH_Pstr_82_2019,CH_Pstr_82_2019,PLATE2-E6-22_S128_L001_R1_001.fastq.gz,PLATE2-E6-22_S128_L001_R2_001.fastq.gz,coral_field,Cnidaria,Anthozoa,Scleractinia,Faviidae,Pseudodiploria,strigosa,18.300112,64.716752,2019.07.27,9.1,CabritteHorn,BethLenz
42,2017,ET_Pstr_42_2017,ET_Pstr_42_2017,PLATE1-D6-56_S39_L001_R1_001.fastq.gz,PLATE1-D6-56_S39_L001_R2_001.fastq.gz,coral_field,Cnidaria,Anthozoa,Scleractinia,Faviidae,Pseudodiploria,strigosa,18.300189,64.716774,2017.07.31,7.9,EastTektite,RossCunning
42,2018,ET_Pstr_42_2018,ET_Pstr_42_2018,PLATE2-A1-294_S84_L001_R1_001.fastq.gz,PLATE2-A1-294_S84_L001_R2_001.fastq.gz,coral_field,Cnidaria,Anthozoa,Scleractinia,Faviidae,Pseudodiploria,strigosa,18.300189,64.716774,2018.08.13,7.9,EastTektite,PeterEdmunds
42,2019,ET_Pstr_42_2019,ET_Pstr_42_2019,PLATE2-D7-11_S135_L001_R1_001.fastq.gz,PLATE2-D7-11_S135_L001_R2_001.fastq.gz,coral_field,Cnidaria,Anthozoa,Scleractinia,Faviidae,Pseudodiploria,strigosa,18.300189,64.716774,2019.07.24,7.9,EastTektite,BethLenz
45,2017,ET_Pstr_45_2017,ET_Pstr_45_2017,PLATE1-D9-60_S60_L001_R1_001.fastq.gz,PLATE1-D9-60_S60_L001_R2_001.fastq.gz,coral_field,Cnidaria,Anthozoa,Scleractinia,Faviidae,Pseudodiploria,strigosa,18.300189,64.716774,2017.07.31,9.5,EastTektite,RossCunning
45,2018,ET_Pstr_45_2018,ET_Pstr_45_2018,PLATE2-A10-355_S155_L001_R1_001.fastq.gz,PLATE2-A10-355_S155_L001_R2_001.fastq.gz,coral_field,Cnidaria,Anthozoa,Scleractinia,Faviidae,Pseudodiploria,strigosa,18.300189,64.716774,2018.08.13,9.5,EastTektite,PeterEdmunds
45,2019,ET_Pstr_45_2019,ET_Pstr_45_2019,PLATE2-D4-8_S111_L001_R1_001.fastq.gz,PLATE2-D4-8_S111_L001_R2_001.fastq.gz,coral_field,Cnidaria,Anthozoa,Scleractinia,Faviidae,Pseudodiploria,strigosa,18.300189,64.716774,2019.07.24,9.5,EastTektite,BethLenz
54,2017,ET_Pstr_54_2017,ET_Pstr_54_2017,PLATE1-E6-75_S40_L001_R1_001.fastq.gz,PLATE1-E6-75_S40_L001_R2_001.fastq.gz,coral_field,Cnidaria,Anthozoa,Scleractinia,Faviidae,Pseudodiploria,strigosa,18.300189,64.716774,2017.08.02,9.9,EastTektite,RossCunning
54,2018,ET_Pstr_54_2018,ET_Pstr_54_2018,PLATE2-A6-300_S124_L001_R1_001.fastq.gz,PLATE2-A6-300_S124_L001_R2_001.fastq.gz,coral_field,Cnidaria,Anthozoa,Scleractinia,Faviidae,Pseudodiploria,strigosa,18.300189,64.716774,2018.08.13,9.9,EastTektite,PeterEdmunds
16,2017,WP_Pstr_16_2017,WP_Pstr_16_2017,PLATE1-B4-22_S23_L001_R1_001.fastq.gz,PLATE1-B4-22_S23_L001_R2_001.fastq.gz,coral_field,Cnidaria,Anthozoa,Scleractinia,Faviidae,Pseudodiploria,strigosa,18.300253,64.716935,2017.07.30,9.2,WhitePoint,RossCunning
28,2017,WP_Pstr_28_2017,WP_Pstr_28_2017,PLATE1-C4-37_S24_L001_R1_001.fastq.gz,PLATE1-C4-37_S24_L001_R2_001.fastq.gz,coral_field,Cnidaria,Anthozoa,Scleractinia,Faviidae,Pseudodiploria,strigosa,18.300253,64.716935,2017.07.30,9.2,WhitePoint,RossCunning
28,2019,WP_Pstr_28_2019,WP_Pstr_28_2019,PLATE2-G6-48_S130_L001_R1_001.fastq.gz,PLATE2-G6-48_S130_L001_R2_001.fastq.gz,coral_field,Cnidaria,Anthozoa,Scleractinia,Faviidae,Pseudodiploria,strigosa,18.300253,64.716935,2019.07.29,9.2,WhitePoint,BethLenz
66,2017,WP_Pstr_66_2017,WP_Pstr_66_2017,PLATE1-F4-85_S27_L001_R1_001.fastq.gz,PLATE1-F4-85_S27_L001_R2_001.fastq.gz,coral_field,Cnidaria,Anthozoa,Scleractinia,Faviidae,Pseudodiploria,strigosa,18.300253,64.716935,2017.08.03,8.6,WhitePoint,RossCunning
66,2019,WP_Pstr_66_2019,WP_Pstr_66_2019,PLATE2-H10-64_S162_L001_R1_001.fastq.gz,PLATE2-H10-64_S162_L001_R2_001.fastq.gz,coral_field,Cnidaria,Anthozoa,Scleractinia,Faviidae,Pseudodiploria,strigosa,18.300253,64.716935,2019.07.29,8.6,WhitePoint,BethLenz
68,2017,WP_Pstr_68_2017,WP_Pstr_68_2017,PLATE1-F6-87_S41_L001_R1_001.fastq.gz,PLATE1-F6-87_S41_L001_R2_001.fastq.gz,coral_field,Cnidaria,Anthozoa,Scleractinia,Faviidae,Pseudodiploria,strigosa,18.300253,64.716935,2017.08.03,8.6,WhitePoint,RossCunning
68,2019,WP_Pstr_68_2019,WP_Pstr_68_2019,PLATE2-H1-55_S91_L001_R1_001.fastq.gz,PLATE2-H1-55_S91_L001_R2_001.fastq.gz,coral_field,Cnidaria,Anthozoa,Scleractinia,Faviidae,Pseudodiploria,strigosa,18.300253,64.716935,2019.07.29,8.6,WhitePoint,BethLenz
14,2017,CH_Pfur_14_2017,CH_Pfur_14_2017,PLATE1-B2-20_S9_L001_R1_001.fastq.gz,PLATE1-B2-20_S9_L001_R2_001.fastq.gz,coral_field,Cnidaria,Anthozoa,Scleractinia,Poritidae,Porites,furcata,18.300112,64.716752,2017.07.30,10.6,CabritteHorn,RossCunning
15,2017,CH_Pfur_15_2017,CH_Pfur_15_2017,PLATE1-B3-21_S16_L001_R1_001.fastq.gz,PLATE1-B3-21_S16_L001_R2_001.fastq.gz,coral_field,Cnidaria,Anthozoa,Scleractinia,Poritidae,Porites,furcata,18.300112,64.716752,2017.07.30,10.6,CabritteHorn,RossCunning
30,2017,ET_Pfur_30_2017,ET_Pfur_30_2017,PLATE1-C7-44_S45_L001_R1_001.fastq.gz,PLATE1-C7-44_S45_L001_R2_001.fastq.gz,coral_field,Cnidaria,Anthozoa,Scleractinia,Poritidae,Porites,furcata,18.300189,64.716774,2017.07.31,7.8,EastTektite,RossCunning
30,2019,ET_Pfur_30_2019,ET_Pfur_30_2019,PLATE2-E2-18_S96_L001_R1_001.fastq.gz,PLATE2-E2-18_S96_L001_R2_001.fastq.gz,coral_field,Cnidaria,Anthozoa,Scleractinia,Poritidae,Porites,furcata,18.300189,64.716774,2019.07.24,7.8,EastTektite,BethLenz
43,2017,ET_Pfur_43_2017,ET_Pfur_43_2017,PLATE1-D7-57_S46_L001_R1_001.fastq.gz,PLATE1-D7-57_S46_L001_R2_001.fastq.gz,coral_field,Cnidaria,Anthozoa,Scleractinia,Poritidae,Porites,furcata,18.300189,64.716774,2019.07.24,9,EastTektite,RossCunning
53,2017,ET_Pfur_53_2017,ET_Pfur_53_2017,PLATE1-E5-73_S33_L001_R1_001.fastq.gz,PLATE1-E5-73_S33_L001_R2_001.fastq.gz,coral_field,Cnidaria,Anthozoa,Scleractinia,Poritidae,Porites,furcata,18.300189,64.716774,2017.08.02,9.3,EastTektite,RossCunning
74,2017,ET_Pfur_74_2017,ET_Pfur_74_2017,PLATE1-G3-98_S21_L001_R1_001.fastq.gz,PLATE1-G3-98_S21_L001_R2_001.fastq.gz,coral_field,Cnidaria,Anthozoa,Scleractinia,Poritidae,Porites,furcata,18.300189,64.716774,2017.08.03,8.6,EastTektite,RossCunning
75,2017,ET_Pfur_75_2017,ET_Pfur_75_2017,PLATE1-G4-100_S28_L001_R1_001.fastq.gz,PLATE1-G4-100_S28_L001_R2_001.fastq.gz,coral_field,Cnidaria,Anthozoa,Scleractinia,Poritidae,Porites,furcata,18.300189,64.716774,2017.08.03,9.6,EastTektite,RossCunning
22,2017,WP_Pfur_22_2017,WP_Pfur_22_2017,PLATE1-B10-28_S65_L001_R1_001.fastq.gz,PLATE1-B10-28_S65_L001_R2_001.fastq.gz,coral_field,Cnidaria,Anthozoa,Scleractinia,Poritidae,Porites,furcata,18.300253,64.716935,2017.07.30,9.8,WhitePoint,RossCunning
27,2017,WP_Pfur_27_2017,WP_Pfur_27_2017,PLATE1-C3-33_S17_L001_R1_001.fastq.gz,PLATE1-C3-33_S17_L001_R2_001.fastq.gz,coral_field,Cnidaria,Anthozoa,Scleractinia,Poritidae,Porites,furcata,18.300253,64.716935,2017.07.30,9.8,WhitePoint,RossCunning
71,2017,WP_Pfur_71_2017,WP_Pfur_71_2017,PLATE1-F9-90_S62_L001_R1_001.fastq.gz,PLATE1-F9-90_S62_L001_R2_001.fastq.gz,coral_field,Cnidaria,Anthozoa,Scleractinia,Poritidae,Porites,furcata,18.300253,64.716935,2017.08.03,8.6,WhitePoint,RossCunning
7,2017,CH_Ssid_07_2017,CH_Ssid_07_2017,PLATE1-A7-9_S43_L001_R1_001.fastq.gz,PLATE1-A7-9_S43_L001_R2_001.fastq.gz,coral_field,Cnidaria,Anthozoa,Scleractinia,Rhizangiidae,Siderastrea,siderea,18.300112,64.716752,2017.07.30,7.4,CabritteHorn,RossCunning
7,2018,CH_Ssid_07_2018,CH_Ssid_07_2018,PLATE2-B6-363_S125_L001_R1_001.fastq.gz,PLATE2-B6-363_S125_L001_R2_001.fastq.gz,coral_field,Cnidaria,Anthozoa,Scleractinia,Rhizangiidae,Siderastrea,siderea,18.300112,64.716752,2018.08.15,7.4,CabritteHorn,PeterEdmunds
7,2019,CH_Ssid_07_2019,CH_Ssid_07_2019,PLATE2-E9-26_S151_L001_R1_001.fastq.gz,PLATE2-E9-26_S151_L001_R2_001.fastq.gz,coral_field,Cnidaria,Anthozoa,Scleractinia,Rhizangiidae,Siderastrea,siderea,18.300112,64.716752,2019.07.27,7.4,CabritteHorn,BethLenz
46,2017,CH_Ssid_46_2017,CH_Ssid_46_2017,PLATE1-A1-1_S1_L001_R1_001.fastq.gz,PLATE1-A1-1_S1_L001_R2_001.fastq.gz,coral_field,Cnidaria,Anthozoa,Scleractinia,Rhizangiidae,Siderastrea,siderea,18.300112,64.716752,2017.07.29,9.4,CabritteHorn,RossCunning
46,2018,CH_Ssid_46_2018,CH_Ssid_46_2018,PLATE2-C5-374_S118_L001_R1_001.fastq.gz,PLATE2-C5-374_S118_L001_R2_001.fastq.gz,coral_field,Cnidaria,Anthozoa,Scleractinia,Rhizangiidae,Siderastrea,siderea,18.300112,64.716752,2018.08.16,9.4,CabritteHorn,PeterEdmunds
46,2019,CH_Ssid_46_2019,CH_Ssid_46_2019,PLATE2-E5-21_S120_L001_R1_001.fastq.gz,PLATE2-E5-21_S120_L001_R2_001.fastq.gz,coral_field,Cnidaria,Anthozoa,Scleractinia,Rhizangiidae,Siderastrea,siderea,18.300112,64.716752,2019.07.27,9.4,CabritteHorn,BethLenz
51,2017,CH_Ssid_51_2017,CH_Ssid_51_2017,PLATE1-E2-68_S12_L001_R1_001.fastq.gz,PLATE1-E2-68_S12_L001_R2_001.fastq.gz,coral_field,Cnidaria,Anthozoa,Scleractinia,Rhizangiidae,Siderastrea,siderea,18.300112,64.716752,2017.08.02,9.6,CabritteHorn,RossCunning
51,2019,CH_Ssid_51_2019,CH_Ssid_51_2019,PLATE2-E4-20_S112_L001_R1_001.fastq.gz,PLATE2-E4-20_S112_L001_R2_001.fastq.gz,coral_field,Cnidaria,Anthozoa,Scleractinia,Rhizangiidae,Siderastrea,siderea,18.300112,64.716752,2019.07.27,9.6,CabritteHorn,BethLenz
41,2017,ET_Ssid_41_2017,ET_Ssid_41_2017,PLATE1-D5-54_S32_L001_R1_001.fastq.gz,PLATE1-D5-54_S32_L001_R2_001.fastq.gz,coral_field,Cnidaria,Anthozoa,Scleractinia,Rhizangiidae,Siderastrea,siderea,18.300189,64.716774,2017.07.31,9.5,EastTektite,RossCunning
41,2018,ET_Ssid_41_2018,ET_Ssid_41_2018,PLATE2-A12-357_S171_L001_R1_001.fastq.gz,PLATE2-A12-357_S171_L001_R2_001.fastq.gz,coral_field,Cnidaria,Anthozoa,Scleractinia,Rhizangiidae,Siderastrea,siderea,18.300189,64.716774,2018.08.13,9.5,EastTektite,PeterEdmunds
41,2019,ET_Ssid_41_2019,ET_Ssid_41_2019,PLATE2-D8-12_S142_L001_R1_001.fastq.gz,PLATE2-D8-12_S142_L001_R2_001.fastq.gz,coral_field,Cnidaria,Anthozoa,Scleractinia,Rhizangiidae,Siderastrea,siderea,18.300189,64.716774,2019.07.24,9.5,EastTektite,BethLenz
44,2017,ET_Ssid_44_2017,ET_Ssid_44_2017,PLATE1-D8-59_S53_L001_R1_001.fastq.gz,PLATE1-D8-59_S53_L001_R2_001.fastq.gz,coral_field,Cnidaria,Anthozoa,Scleractinia,Rhizangiidae,Siderastrea,siderea,18.300189,64.716774,2017.07.31,9.1,EastTektite,RossCunning
44,2018,ET_Ssid_44_2018,ET_Ssid_44_2018,PLATE2-A11-356_S163_L001_R1_001.fastq.gz,PLATE2-A11-356_S163_L001_R2_001.fastq.gz,coral_field,Cnidaria,Anthozoa,Scleractinia,Rhizangiidae,Siderastrea,siderea,18.300189,64.716774,2018.08.13,9.1,EastTektite,PeterEdmunds
44,2019,ET_Ssid_44_2019,ET_Ssid_44_2019,PLATE2-D5-9_S119_L001_R1_001.fastq.gz,PLATE2-D5-9_S119_L001_R2_001.fastq.gz,coral_field,Cnidaria,Anthozoa,Scleractinia,Rhizangiidae,Siderastrea,siderea,18.300189,64.716774,2019.07.24,9.1,EastTektite,BethLenz
RANDOM,2017,WP_Ssid_104_2017,WP_Ssid_104_2017,PLATE1-G6-104_S42_L001_R1_001.fastq.gz,PLATE1-G6-104_S42_L001_R2_001.fastq.gz,coral_field,Cnidaria,Anthozoa,Scleractinia,Rhizangiidae,Siderastrea,siderea,18.300253,64.716935,2017.08.04,8.1,WhitePoint,RossCunning
RANDOM,2017,WP_Ssid_105_2017,WP_Ssid_105_2017,PLATE1-G7-105_S49_L001_R1_001.fastq.gz,PLATE1-G7-105_S49_L001_R2_001.fastq.gz,coral_field,Cnidaria,Anthozoa,Scleractinia,Rhizangiidae,Siderastrea,siderea,18.300253,64.716935,2017.08.04,8.1,WhitePoint,RossCunning
RANDOM,2017,WP_Ssid_107_2017,WP_Ssid_107_2017,PLATE1-G9-107_S63_L001_R1_001.fastq.gz,PLATE1-G9-107_S63_L001_R2_001.fastq.gz,coral_field,Cnidaria,Anthozoa,Scleractinia,Rhizangiidae,Siderastrea,siderea,18.300253,64.716935,2017.08.04,9.3,WhitePoint,RossCunning
RANDOM,2017,WP_Ssid_108_2017,WP_Ssid_108_2017,PLATE1-G10-108_S70_L001_R1_001.fastq.gz,PLATE1-G10-108_S70_L001_R2_001.fastq.gz,coral_field,Cnidaria,Anthozoa,Scleractinia,Rhizangiidae,Siderastrea,siderea,18.300253,64.716935,2017.08.04,9.3,WhitePoint,RossCunning
RANDOM,2017,WP_Ssid_109_2017,WP_Ssid_109_2017,PLATE1-G11-109_S77_L001_R1_001.fastq.gz,PLATE1-G11-109_S77_L001_R2_001.fastq.gz,coral_field,Cnidaria,Anthozoa,Scleractinia,Rhizangiidae,Siderastrea,siderea,18.300253,64.716935,2017.08.04,9.3,WhitePoint,RossCunning
21,2017,WP_Ssid_21_2017,WP_Ssid_21_2017,PLATE1-B9-27_S58_L001_R1_001.fastq.gz,PLATE1-B9-27_S58_L001_R2_001.fastq.gz,coral_field,Cnidaria,Anthozoa,Scleractinia,Rhizangiidae,Siderastrea,siderea,18.300253,64.716935,2017.07.30,8.9,WhitePoint,RossCunning
21,2019,WP_Ssid_21_2019,WP_Ssid_21_2019,PLATE2-G12-54_S177_L001_R1_001.fastq.gz,PLATE2-G12-54_S177_L001_R2_001.fastq.gz,coral_field,Cnidaria,Anthozoa,Scleractinia,Rhizangiidae,Siderastrea,siderea,18.300253,64.716935,2019.07.29,8.9,WhitePoint,BethLenz
26,2017,WP_Ssid_26_2017,WP_Ssid_26_2017,PLATE1-C2-32_S10_L001_R1_001.fastq.gz,PLATE1-C2-32_S10_L001_R2_001.fastq.gz,coral_field,Cnidaria,Anthozoa,Scleractinia,Rhizangiidae,Siderastrea,siderea,18.300253,64.716935,2017.07.30,9.3,WhitePoint,RossCunning
26,2019,WP_Ssid_26_2019,WP_Ssid_26_2019,PLATE2-H7-61_S139_L001_R1_001.fastq.gz,PLATE2-H7-61_S139_L001_R2_001.fastq.gz,coral_field,Cnidaria,Anthozoa,Scleractinia,Rhizangiidae,Siderastrea,siderea,18.300253,64.716935,2017.07.30,9.3,WhitePoint,BethLenz
RANDOM,2019,WP_Ssid_38_2019,WP_Ssid_38_2019,PLATE2-F9-38_S152_L001_R1_001.fastq.gz,PLATE2-F9-38_S152_L001_R2_001.fastq.gz,coral_field,Cnidaria,Anthozoa,Scleractinia,Rhizangiidae,Siderastrea,siderea,18.300253,64.716935,2019.07.29,9.3,WhitePoint,BethLenz
RANDOM,2019,WP_Ssid_39_2019,WP_Ssid_39_2019,PLATE2-F10-39_S160_L001_R1_001.fastq.gz,PLATE2-F10-39_S160_L001_R2_001.fastq.gz,coral_field,Cnidaria,Anthozoa,Scleractinia,Rhizangiidae,Siderastrea,siderea,18.300253,64.716935,2019.07.29,9.3,WhitePoint,BethLenz
RANDOM,2019,WP_Ssid_45_2019,WP_Ssid_45_2019,PLATE2-G3-45_S106_L001_R1_001.fastq.gz,PLATE2-G3-45_S106_L001_R2_001.fastq.gz,coral_field,Cnidaria,Anthozoa,Scleractinia,Rhizangiidae,Siderastrea,siderea,18.300253,64.716935,2019.07.29,9.3,WhitePoint,BethLenz
RANDOM,2019,WP_Ssid_46_2019,WP_Ssid_46_2019,PLATE2-G4-46_S114_L001_R1_001.fastq.gz,PLATE2-G4-46_S114_L001_R2_001.fastq.gz,coral_field,Cnidaria,Anthozoa,Scleractinia,Rhizangiidae,Siderastrea,siderea,18.300253,64.716935,2019.07.29,9.3,WhitePoint,BethLenz
RANDOM,2019,WP_Ssid_47_2019,WP_Ssid_47_2019,PLATE2-G5-47_S122_L001_R1_001.fastq.gz,PLATE2-G5-47_S122_L001_R2_001.fastq.gz,coral_field,Cnidaria,Anthozoa,Scleractinia,Rhizangiidae,Siderastrea,siderea,18.300253,64.716935,2019.07.29,9.3,WhitePoint,BethLenz
RANDOM,2019,WP_Ssid_57_2019,WP_Ssid_57_2019,PLATE2-H3-57_S107_L001_R1_001.fastq.gz,PLATE2-H3-57_S107_L001_R2_001.fastq.gz,coral_field,Cnidaria,Anthozoa,Scleractinia,Rhizangiidae,Siderastrea,siderea,18.300253,64.716935,2019.07.29,9.4,WhitePoint,BethLenz
RANDOM,2019,WP_Ssid_59_2019,WP_Ssid_59_2019,PLATE2-H5-59_S123_L001_R1_001.fastq.gz,PLATE2-H5-59_S123_L001_R2_001.fastq.gz,coral_field,Cnidaria,Anthozoa,Scleractinia,Rhizangiidae,Siderastrea,siderea,18.300253,64.716935,2019.07.29,9.4,WhitePoint,BethLenz
72,2017,WP_Ssid_72_2017,WP_Ssid_72_2017,PLATE1-F10-91_S69_L001_R1_001.fastq.gz,PLATE1-F10-91_S69_L001_R2_001.fastq.gz,coral_field,Cnidaria,Anthozoa,Scleractinia,Rhizangiidae,Siderastrea,siderea,18.300253,64.716935,2017.08.03,9.4,WhitePoint,RossCunning
72,2019,WP_Ssid_72_2019,WP_Ssid_72_2019,PLATE2-H4-58_S115_L001_R1_001.fastq.gz,PLATE2-H4-58_S115_L001_R2_001.fastq.gz,coral_field,Cnidaria,Anthozoa,Scleractinia,Rhizangiidae,Siderastrea,siderea,18.300253,64.716935,2019.07.29,9.4,WhitePoint,BethLenz
73,2017,WP_Ssid_73_2017,WP_Ssid_73_2017,PLATE1-G1-95_S7_L001_R1_001.fastq.gz,PLATE1-G1-95_S7_L001_R2_001.fastq.gz,coral_field,Cnidaria,Anthozoa,Scleractinia,Rhizangiidae,Siderastrea,siderea,18.300253,64.716935,2017.08.03,8.1,WhitePoint,RossCunning
73,2019,WP_Ssid_73_2019,WP_Ssid_73_2019,PLATE2-F8-37_S144_L001_R1_001.fastq.gz,PLATE2-F8-37_S144_L001_R2_001.fastq.gz,coral_field,Cnidaria,Anthozoa,Scleractinia,Rhizangiidae,Siderastrea,siderea,18.300253,64.716935,2019.07.29,8.1,WhitePoint,BethLenz
76,2017,WP_Ssid_76_2017,WP_Ssid_76_2017,PLATE1-G5-103_S35_L001_R1_001.fastq.gz,PLATE1-G5-103_S35_L001_R2_001.fastq.gz,coral_field,Cnidaria,Anthozoa,Scleractinia,Rhizangiidae,Siderastrea,siderea,18.300253,64.716935,2017.08.17,8.1,WhitePoint,RossCunning
77,2017,WP_Ssid_77_2017,WP_Ssid_77_2017,PLATE1-G8-106_S56_L001_R1_001.fastq.gz,PLATE1-G8-106_S56_L001_R2_001.fastq.gz,coral_field,Cnidaria,Anthozoa,Scleractinia,Rhizangiidae,Siderastrea,siderea,18.300253,64.716935,2017.08.04,9.3,WhitePoint,RossCunning
77,2019,WP_Ssid_77_2019,WP_Ssid_77_2019,PLATE2-G2-44_S98_L001_R1_001.fastq.gz,PLATE2-G2-44_S98_L001_R2_001.fastq.gz,coral_field,Cnidaria,Anthozoa,Scleractinia,Rhizangiidae,Siderastrea,siderea,18.300253,64.716935,2019.07.29,9.3,WhitePoint,BethLenz
RANDOM,2017,WP_Ssid_92_2017,WP_Ssid_92_2017,PLATE1-F11-92_S76_L001_R1_001.fastq.gz,PLATE1-F11-92_S76_L001_R2_001.fastq.gz,coral_field,Cnidaria,Anthozoa,Scleractinia,Rhizangiidae,Siderastrea,siderea,18.300253,64.716935,2017.08.03,9.4,WhitePoint,RossCunning
RANDOM,2017,WP_Ssid_93_2017,WP_Ssid_93_2017,PLATE1-F12-93_S83_L001_R1_001.fastq.gz,PLATE1-F12-93_S83_L001_R2_001.fastq.gz,coral_field,Cnidaria,Anthozoa,Scleractinia,Rhizangiidae,Siderastrea,siderea,18.300253,64.716935,2017.08.03,9.4,WhitePoint,RossCunning
RANDOM,2017,WP_Ssid_96_2017,WP_Ssid_96_2017,PLATE1-G2-96_S14_L001_R1_001.fastq.gz,PLATE1-G2-96_S14_L001_R2_001.fastq.gz,coral_field,Cnidaria,Anthozoa,Scleractinia,Rhizangiidae,Siderastrea,siderea,18.300253,64.716935,2017.08.03,8.1,WhitePoint,RossCunning